payment_id,order_id,amount,payment_date,method
1,1,413.4,2026-04-10,Credit Card
2,2,89.96,2025-01-06,PayPal
3,3,108.34,2024-05-04,Stripe
4,4,39.62,2026-03-29,Debit Card
5,5,29.07,2025-07-19,Stripe
6,6,269.87,2024-05-13,PayPal
7,7,346.95,2026-02-24,PayPal
8,8,313.6,2024-11-29,Credit Card
9,9,275.08,2025-02-13,Crypto
10,10,160.78,2023-12-12,Debit Card
11,11,12.96,2025-11-14,Debit Card
12,12,70.9,2025-04-18,Stripe
13,13,79.31,2026-05-01,Stripe
14,14,78.36,2026-04-04,Crypto
15,15,121.15,2025-03-03,Bank Transfer
16,16,404.54,2025-09-26,PayPal
17,17,68.35,2025-08-09,Stripe
18,18,42.32,2026-04-11,PayPal
19,19,179.0,2025-06-21,PayPal
20,20,30.38,2026-01-13,Debit Card
21,21,692.73,2026-03-30,Stripe
22,22,527.24,2025-05-09,PayPal
23,23,242.88,2026-04-10,Credit Card
24,24,115.74,2024-07-18,PayPal
25,25,427.59,2024-08-08,Crypto
26,26,677.01,2026-02-26,PayPal
27,27,48.69,2026-04-14,Credit Card
28,28,374.73,2026-01-07,Debit Card
29,29,45.4,2026-01-25,PayPal
30,30,542.24,2025-01-21,Bank Transfer
31,31,540.9,2025-12-27,Stripe
32,32,430.92,2026-01-18,Stripe
33,33,14.92,2023-09-01,Stripe
34,34,54.1,2023-12-26,Bank Transfer
35,35,252.22,2025-11-23,Bank Transfer
36,36,147.96,2025-08-10,Debit Card
37,37,183.63,2026-04-02,PayPal
38,38,157.7,2024-11-10,Debit Card
39,39,173.64,2026-03-17,Bank Transfer
40,40,65.46,2026-04-19,Credit Card
41,41,95.7,2025-05-31,Debit Card
42,42,35.05,2026-01-17,Stripe
43,43,32.71,2026-03-09,Stripe
44,44,229.46,2026-01-12,Credit Card
45,45,200.28,2025-10-12,Crypto
46,46,32.71,2024-12-28,Bank Transfer
47,47,185.49,2025-12-14,PayPal
48,48,685.92,2025-11-25,Crypto
49,49,897.81,2025-02-09,Stripe
50,50,552.48,2025-09-13,Bank Transfer
51,51,45.56,2025-02-04,Bank Transfer
52,52,66.1,2023-07-22,Bank Transfer
53,53,102.2,2026-04-04,Debit Card
54,54,157.7,2024-10-22,Bank Transfer
55,55,72.02,2024-12-09,PayPal
56,56,84.3,2026-04-11,Debit Card
57,57,50.66,2025-02-18,Stripe
58,58,270.43,2025-03-29,Bank Transfer
59,59,21.14,2024-04-16,Crypto
60,60,183.42,2023-11-20,Bank Transfer
61,61,284.31,2026-02-12,PayPal
62,62,121.47,2026-04-25,Credit Card
63,63,161.49,2025-05-28,Bank Transfer
64,64,364.06,2025-07-19,Crypto
65,65,45.54,2025-09-12,Credit Card
66,66,382.92,2026-01-23,Bank Transfer
67,67,879.36,2026-02-28,Debit Card
68,68,577.2,2026-03-06,Bank Transfer
69,69,225.87,2026-04-14,Bank Transfer
70,70,213.82,2025-09-17,Credit Card
71,71,81.3,2024-12-22,PayPal
72,72,86.98,2025-01-17,Credit Card
73,73,348.84,2024-05-09,Credit Card
74,74,28.46,2026-02-03,Stripe
75,75,23.4,2025-06-22,Stripe
76,76,611.49,2026-03-11,Bank Transfer
77,77,107.71,2025-06-10,Credit Card
78,78,74.05,2025-07-10,Crypto
79,79,112.71,2023-09-24,Stripe
80,80,575.04,2026-04-10,PayPal
81,81,96.5,2025-01-19,Credit Card
82,82,251.79,2025-04-10,Debit Card
83,83,130.11,2025-05-22,Bank Transfer
84,84,270.43,2024-08-15,Debit Card
85,85,60.12,2025-01-03,Crypto
86,86,64.89,2026-04-08,Bank Transfer
87,87,41.14,2026-03-20,Crypto
88,88,49.54,2023-08-13,Debit Card
89,89,21.7,2025-02-12,Debit Card
90,90,208.86,2024-12-31,Crypto
91,91,178.82,2024-01-30,Credit Card
92,92,128.36,2024-10-15,Debit Card
93,93,463.4,2024-09-24,Bank Transfer
94,94,623.73,2025-05-17,Stripe
95,95,250.26,2025-05-16,Bank Transfer
96,96,57.3,2026-03-09,Stripe
97,97,611.22,2024-10-23,PayPal
98,98,74.94,2024-10-08,Bank Transfer
99,99,202.27,2026-03-02,Debit Card
100,100,164.4,2026-03-01,Crypto
101,101,376.26,2026-03-08,Credit Card
102,102,322.26,2024-11-02,Bank Transfer
103,103,877.23,2025-05-21,Stripe
104,104,476.06,2025-07-30,Crypto
105,105,25.45,2026-02-22,Credit Card
106,106,17.02,2025-01-28,Bank Transfer
107,107,473.46,2024-09-23,PayPal
108,108,43.02,2025-06-04,Credit Card
109,109,108.34,2026-04-23,Stripe
110,110,43.95,2026-03-18,Credit Card
111,111,56.9,2025-11-02,Bank Transfer
112,112,94.81,2025-04-01,Crypto
113,113,171.08,2026-04-11,PayPal
114,114,12.13,2025-12-12,Stripe
115,115,111.38,2025-04-12,PayPal
116,116,519.24,2025-11-22,Crypto
117,117,512.58,2026-03-04,Bank Transfer
118,118,240.65,2026-04-08,Stripe
119,119,36.08,2026-04-08,PayPal
120,120,136.15,2026-04-14,Stripe
121,121,358.11,2026-03-23,PayPal
122,122,134.87,2026-02-20,Crypto
123,123,485.02,2025-05-12,Bank Transfer
124,124,59.85,2026-01-21,PayPal
125,125,539.1,2025-08-31,PayPal
126,126,86.84,2025-09-04,Bank Transfer
127,127,48.06,2026-03-04,Bank Transfer
128,128,340.1,2025-05-03,PayPal
129,129,313.05,2025-06-13,Crypto
130,130,76.0,2025-12-20,Crypto
131,131,88.66,2024-08-04,PayPal
132,132,872.97,2025-11-26,Stripe
133,133,67.71,2026-04-09,Crypto
134,134,376.26,2025-12-01,Bank Transfer
135,135,574.02,2023-12-27,Crypto
136,136,146.58,2025-07-14,Crypto
137,137,713.61,2024-06-10,PayPal
138,138,59.43,2026-04-19,Credit Card
139,139,70.41,2025-05-29,Debit Card
140,140,392.64,2026-01-25,Stripe
141,141,68.85,2025-10-14,Stripe
142,142,101.6,2026-03-01,Stripe
143,143,17.41,2024-07-10,PayPal
144,144,70.9,2025-08-11,Credit Card
145,145,331.58,2025-08-20,Stripe
146,146,782.91,2026-03-12,Bank Transfer
147,147,124.44,2025-02-02,Debit Card
148,148,42.3,2023-12-17,Bank Transfer
149,149,22.7,2025-08-17,Crypto
150,150,486.75,2026-04-21,Crypto
151,151,124.44,2025-02-27,Stripe
152,152,108.64,2025-02-09,Credit Card
153,153,64.31,2026-01-29,Debit Card
154,154,14.77,2025-08-24,Stripe
155,155,62.24,2025-11-27,PayPal
156,156,77.39,2025-12-30,Credit Card
157,157,15.81,2026-03-25,Stripe
158,158,75.03,2025-08-09,PayPal
159,159,141.22,2026-02-11,Debit Card
160,160,662.49,2026-03-20,Crypto
161,161,147.14,2025-07-24,Credit Card
162,162,144.48,2025-11-12,Stripe
163,163,32.73,2024-12-06,Stripe
164,164,126.37,2025-11-24,Stripe
165,165,473.12,2025-08-25,Credit Card
166,166,685.71,2026-04-01,Crypto
167,167,206.94,2024-07-12,PayPal
168,168,15.81,2024-09-21,PayPal
169,169,555.48,2023-09-08,PayPal
170,170,81.02,2024-08-25,Stripe
171,171,171.52,2026-02-17,Bank Transfer
172,172,78.82,2026-04-09,Credit Card
173,173,253.16,2025-07-16,Stripe
174,174,151.6,2024-05-23,Stripe
175,175,155.88,2026-03-06,Credit Card
176,176,27.42,2024-09-08,Stripe
177,177,247.12,2025-04-02,Crypto
178,178,149.42,2026-02-08,Debit Card
179,179,232.98,2025-12-04,Bank Transfer
180,180,209.07,2025-07-22,Crypto
181,181,269.07,2024-05-19,Bank Transfer
182,182,51.34,2024-02-11,PayPal
183,183,212.43,2026-02-18,Stripe
184,184,28.62,2026-03-09,Bank Transfer
185,185,183.92,2025-09-27,PayPal
186,186,32.96,2024-11-03,Debit Card
187,187,74.05,2024-09-23,PayPal
188,188,107.82,2025-09-20,Stripe
189,189,232.5,2024-07-11,Crypto
190,190,236.02,2025-09-30,PayPal
191,191,30.93,2025-04-15,Stripe
192,192,696.63,2024-08-10,Credit Card
193,193,12.0,2026-02-28,Crypto
194,194,69.62,2024-10-13,Crypto
195,195,221.4,2026-03-21,Credit Card
196,196,46.47,2026-02-18,PayPal
197,197,193.14,2024-12-18,Crypto
198,198,481.86,2025-10-01,Stripe
199,199,179.04,2024-11-02,PayPal
200,200,589.08,2026-01-22,Debit Card
201,201,45.34,2026-02-19,Credit Card
202,202,174.42,2024-11-04,Crypto
203,203,473.76,2026-01-21,Crypto
204,204,125.42,2026-01-17,Credit Card
205,205,78.03,2026-04-26,Credit Card
206,206,35.94,2026-03-30,PayPal
207,207,164.45,2025-09-09,Bank Transfer
208,208,89.51,2026-04-30,Stripe
209,209,119.46,2026-02-02,Debit Card
210,210,80.98,2024-03-31,Bank Transfer
211,211,28.54,2025-07-07,Crypto
212,212,519.54,2025-12-20,Stripe
213,213,183.92,2025-07-04,Stripe
214,214,45.42,2023-08-22,Stripe
215,215,210.51,2024-11-03,Crypto
216,216,10.85,2025-06-29,Stripe
217,217,80.92,2026-01-11,Credit Card
218,218,242.3,2026-03-06,Bank Transfer
219,219,410.49,2025-03-23,PayPal
220,220,384.6,2024-06-03,PayPal
221,221,298.05,2024-09-08,Bank Transfer
222,222,261.54,2026-04-10,PayPal
223,223,227.43,2026-04-12,Credit Card
224,224,199.81,2025-07-29,Crypto
225,225,78.56,2025-10-31,Debit Card
226,226,287.01,2025-07-05,PayPal
227,227,48.14,2025-01-09,Crypto
228,228,209.6,2024-06-10,PayPal
229,229,334.41,2026-04-30,Bank Transfer
230,230,139.08,2026-03-01,PayPal
231,231,43.41,2024-03-29,Stripe
232,232,81.02,2025-11-23,Crypto
233,233,263.62,2026-04-18,Bank Transfer
234,234,42.02,2026-01-09,PayPal
235,235,233.14,2026-04-03,Debit Card
236,236,282.06,2026-03-30,Stripe
237,237,76.98,2025-01-19,Bank Transfer
238,238,46.02,2025-12-10,Credit Card
239,239,83.42,2023-03-27,Bank Transfer
240,240,39.93,2026-02-21,Bank Transfer
241,241,200.47,2025-09-18,Credit Card
242,242,98.15,2024-06-19,PayPal
243,243,30.06,2025-07-09,PayPal
244,244,435.87,2026-03-14,Crypto
245,245,28.16,2025-07-17,Crypto
246,246,253.76,2025-10-23,Bank Transfer
247,247,381.64,2026-03-28,Crypto
248,248,236.64,2024-07-02,Debit Card
249,249,57.76,2024-11-19,Crypto
250,250,163.78,2024-06-05,Crypto
251,251,851.85,2025-05-24,Debit Card
252,252,145.83,2024-10-03,Stripe
253,253,340.5,2026-03-31,PayPal
254,254,198.78,2024-08-14,PayPal
255,255,546.12,2024-11-06,Credit Card
256,256,206.86,2024-11-14,Bank Transfer
257,257,137.93,2026-04-08,Stripe
258,258,15.3,2025-11-28,Stripe
259,259,51.46,2024-08-31,Bank Transfer
260,260,173.46,2025-07-23,PayPal
261,261,129.59,2025-10-06,Debit Card
262,262,57.46,2024-09-16,PayPal
263,263,271.14,2024-01-11,Crypto
264,264,202.28,2026-03-14,Stripe
265,265,63.42,2026-04-21,Stripe
266,266,540.68,2026-04-16,Bank Transfer
267,267,251.55,2026-04-13,Bank Transfer
268,268,122.76,2026-04-24,Crypto
269,269,61.83,2025-12-08,Credit Card
270,270,109.64,2024-12-24,Bank Transfer
271,271,297.81,2025-04-05,Stripe
272,272,59.7,2026-03-21,Crypto
273,273,350.34,2025-10-07,Crypto
274,274,51.78,2025-04-24,Stripe
275,275,240.49,2024-04-17,Crypto
276,276,179.62,2023-11-30,Debit Card
277,277,296.44,2023-10-01,Crypto
278,278,183.42,2026-03-19,PayPal
279,279,70.1,2025-12-17,Stripe
280,280,98.15,2025-04-24,Crypto
281,281,185.41,2025-10-08,Crypto
282,282,695.22,2026-01-30,Bank Transfer
283,283,44.74,2025-01-10,PayPal
284,284,381.54,2026-04-09,Credit Card
285,285,129.32,2024-05-05,Bank Transfer
286,286,28.31,2026-03-26,Crypto
287,287,111.38,2026-04-11,Debit Card
288,288,48.08,2025-01-08,Debit Card
289,289,149.78,2024-12-09,Bank Transfer
290,290,476.92,2025-02-18,Stripe
291,291,106.56,2024-10-14,Credit Card
292,292,76.0,2025-08-18,Debit Card
293,293,165.77,2025-09-17,Credit Card
294,294,404.61,2025-06-27,Crypto
295,295,293.3,2025-04-27,Crypto
296,296,196.3,2025-11-20,Stripe
297,297,68.94,2025-08-03,Credit Card
298,298,646.38,2024-11-14,Debit Card
299,299,769.5,2025-11-08,Credit Card
300,300,244.8,2025-02-22,PayPal
301,301,154.38,2025-03-19,Credit Card
302,302,342.03,2025-11-28,Crypto
303,303,47.43,2025-05-02,Credit Card
304,304,61.04,2026-02-17,Stripe
305,305,380.64,2024-11-23,Bank Transfer
306,306,35.52,2025-09-20,Stripe
307,307,38.88,2025-10-17,Crypto
308,308,613.68,2024-07-20,Debit Card
309,309,75.51,2025-10-30,PayPal
310,310,546.62,2025-03-28,Bank Transfer
311,311,28.42,2026-04-13,Bank Transfer
312,312,83.48,2026-04-19,Debit Card
313,313,110.79,2026-02-21,PayPal
314,314,21.4,2026-01-27,Bank Transfer
315,315,500.84,2026-04-07,Stripe
316,316,86.84,2025-10-19,PayPal
317,317,67.38,2025-11-26,Stripe
318,318,45.34,2026-03-05,Debit Card
319,319,72.74,2025-04-12,PayPal
320,320,470.4,2025-06-04,Debit Card
321,321,22.66,2024-08-05,Crypto
322,322,238.74,2024-06-14,PayPal
323,323,107.22,2024-10-23,Bank Transfer
324,324,149.32,2026-04-10,Credit Card
325,325,236.6,2026-04-10,Credit Card
326,326,145.83,2025-02-11,Bank Transfer
327,327,575.38,2024-11-09,Debit Card
328,328,119.37,2026-03-31,PayPal
329,329,44.21,2025-09-05,Credit Card
330,330,174.42,2025-09-10,Debit Card
331,331,324.5,2025-06-20,Debit Card
332,332,219.74,2025-06-27,Stripe
333,333,331.54,2025-05-10,Debit Card
334,334,49.58,2026-02-19,Credit Card
335,335,318.34,2026-03-12,Credit Card
336,336,413.55,2024-11-23,Debit Card
337,337,521.94,2026-04-18,Stripe
338,338,203.79,2025-03-19,Crypto
339,339,314.34,2026-04-26,Credit Card
340,340,63.03,2026-04-18,Stripe
341,341,559.38,2025-05-05,PayPal
342,342,306.48,2025-12-06,Bank Transfer
343,343,86.37,2025-12-08,Credit Card
344,344,261.54,2024-08-18,Debit Card
345,345,383.1,2025-09-23,PayPal
346,346,690.21,2026-02-25,Credit Card
347,347,21.16,2026-03-05,Stripe
348,348,204.36,2025-11-04,Crypto
349,349,359.4,2025-11-16,Bank Transfer
350,350,223.68,2026-04-25,Bank Transfer
351,351,43.17,2025-06-08,Stripe
352,352,48.39,2025-08-01,Debit Card
353,353,55.71,2025-12-20,Credit Card
354,354,536.5,2026-02-15,Bank Transfer
355,355,32.04,2024-01-31,Stripe
356,356,276.35,2026-02-20,Credit Card
357,357,31.34,2024-04-04,Bank Transfer
358,358,32.47,2025-06-04,Stripe
359,359,111.72,2025-10-14,Debit Card
360,360,220.98,2026-02-06,Stripe
361,361,760.62,2026-01-06,Debit Card
362,362,772.74,2026-04-06,Credit Card
363,363,516.12,2026-04-09,Stripe
364,364,52.24,2025-02-21,Bank Transfer
365,365,179.79,2023-12-10,Crypto
366,366,272.3,2025-03-31,Bank Transfer
367,367,58.14,2025-03-11,Crypto
368,368,326.04,2025-06-13,Debit Card
369,369,66.48,2025-01-27,Crypto
370,370,24.91,2025-07-10,Credit Card
371,371,11.14,2024-12-14,Debit Card
372,372,11.09,2025-06-02,PayPal
373,373,32.96,2025-11-28,Debit Card
374,374,94.81,2025-10-09,Credit Card
375,375,206.94,2025-03-04,PayPal
376,376,77.98,2024-01-29,Credit Card
377,377,519.28,2025-04-20,Debit Card
378,378,41.34,2024-02-08,Bank Transfer
379,379,413.4,2026-04-19,PayPal
380,380,574.38,2026-03-12,Credit Card
381,381,567.9,2025-10-13,Debit Card
382,382,145.83,2025-05-23,PayPal
383,383,183.05,2024-10-24,PayPal
384,384,72.66,2025-03-17,Debit Card
385,385,104.57,2026-01-30,PayPal
386,386,60.73,2025-03-21,Crypto
387,387,32.26,2025-02-10,Bank Transfer
388,388,67.91,2025-04-07,Crypto
389,389,412.47,2025-07-07,Debit Card
390,390,58.1,2026-01-29,Debit Card
391,391,107.48,2023-07-14,Stripe
392,392,353.24,2026-02-07,Credit Card
393,393,768.6,2024-04-07,Crypto
394,394,121.53,2023-11-22,Stripe
395,395,51.39,2025-08-31,Crypto
396,396,295.92,2026-03-11,Crypto
397,397,162.23,2024-06-01,Crypto
398,398,26.28,2026-04-11,Credit Card
399,399,172.96,2024-05-31,Credit Card
400,400,353.7,2026-03-22,Bank Transfer
401,401,256.4,2023-09-22,Debit Card
402,402,55.27,2026-01-13,Credit Card
403,403,525.57,2025-11-11,Bank Transfer
404,404,160.64,2026-01-20,Credit Card
405,405,59.37,2025-09-25,Crypto
406,406,92.61,2024-12-22,Credit Card
407,407,606.81,2025-06-20,Credit Card
408,408,192.36,2026-03-27,Bank Transfer
409,409,464.42,2024-06-04,Crypto
410,410,23.56,2024-10-03,Crypto
411,411,80.28,2025-09-24,Bank Transfer
412,412,80.76,2026-01-14,PayPal
413,413,249.02,2026-02-16,Crypto
414,414,166.84,2023-11-11,PayPal
415,415,11.12,2026-02-07,Stripe
416,416,322.9,2023-05-25,Stripe
417,417,562.59,2025-03-01,Credit Card
418,418,464.42,2024-10-28,Debit Card
419,419,136.82,2026-01-09,Bank Transfer
420,420,550.26,2026-04-14,Stripe
421,421,124.91,2026-04-17,Bank Transfer
422,422,506.8,2025-10-03,Crypto
423,423,20.68,2025-07-31,Credit Card
424,424,29.74,2025-02-01,Debit Card
425,425,229.05,2024-05-05,Stripe
426,426,577.44,2026-02-07,Debit Card
427,427,74.56,2025-01-18,Bank Transfer
428,428,91.96,2025-04-29,Stripe
429,429,157.64,2026-01-30,Stripe
430,430,370.62,2026-04-17,Bank Transfer
431,431,527.24,2025-07-07,Debit Card
432,432,857.4,2025-09-26,Bank Transfer
433,433,287.98,2024-10-09,Bank Transfer
434,434,331.26,2026-01-20,Stripe
435,435,44.76,2026-04-03,Crypto
436,436,285.0,2024-12-20,Stripe
437,437,179.02,2025-04-26,Bank Transfer
438,438,40.18,2024-09-24,Crypto
439,439,42.81,2026-02-14,PayPal
440,440,430.88,2026-03-25,Credit Card
441,441,287.01,2025-05-29,Stripe
442,442,239.42,2026-03-02,Credit Card
443,443,109.64,2024-04-29,Crypto
444,444,31.08,2026-03-19,Bank Transfer
445,445,26.28,2026-01-28,PayPal
446,446,307.23,2024-11-20,Credit Card
447,447,15.3,2025-10-22,Credit Card
448,448,57.64,2026-02-22,Crypto
449,449,80.28,2024-07-08,Credit Card
450,450,145.5,2024-10-21,Crypto
451,451,533.2,2025-05-31,Debit Card
452,452,157.52,2026-04-05,Crypto
453,453,238.46,2024-08-23,Credit Card
454,454,179.62,2023-11-06,Credit Card
455,455,621.18,2026-01-20,Debit Card
456,456,719.25,2024-07-17,Crypto
457,457,149.32,2026-03-26,Bank Transfer
458,458,125.28,2026-03-28,Debit Card
459,459,203.28,2025-11-22,Debit Card
460,460,87.2,2025-11-20,PayPal
461,461,94.49,2024-02-21,Crypto
462,462,251.55,2024-12-28,Crypto
463,463,165.81,2026-01-21,Credit Card
464,464,35.52,2025-10-26,Stripe
465,465,13.13,2024-09-14,Credit Card
466,466,198.3,2025-11-30,Bank Transfer
467,467,86.19,2024-04-16,Debit Card
468,468,206.25,2025-04-15,Bank Transfer
469,469,110.07,2026-01-09,Bank Transfer
470,470,74.49,2025-05-11,Credit Card
471,471,356.55,2024-03-17,Bank Transfer
472,472,108.99,2025-03-11,PayPal
473,473,113.42,2026-04-09,Bank Transfer
474,474,305.13,2025-11-14,Stripe
475,475,149.66,2025-12-08,Credit Card
476,476,96.98,2026-03-22,Debit Card
477,477,254.13,2025-12-04,Crypto
478,478,190.0,2026-01-01,Bank Transfer
479,479,473.46,2025-08-22,Crypto
480,480,253.16,2026-04-15,Credit Card
481,481,284.42,2025-08-28,Crypto
482,482,261.56,2026-04-26,Credit Card
483,483,106.44,2026-02-28,Credit Card
484,484,58.1,2025-12-24,PayPal
485,485,71.48,2026-02-21,Credit Card
486,486,231.4,2024-05-30,Stripe
487,487,98.5,2024-12-27,Bank Transfer
488,488,349.47,2025-08-11,Credit Card
489,489,217.28,2025-12-10,PayPal
490,490,138.81,2026-03-28,Bank Transfer
491,491,782.91,2024-01-15,Bank Transfer
492,492,89.96,2025-04-04,Bank Transfer
493,493,339.58,2023-05-02,Debit Card
494,494,99.41,2025-01-09,Crypto
495,495,205.23,2025-12-29,Crypto
496,496,32.83,2025-05-05,Credit Card
497,497,43.37,2026-03-09,Crypto
498,498,73.94,2025-07-15,PayPal
499,499,611.22,2024-06-30,Credit Card
500,500,14.92,2024-12-14,Debit Card
501,501,441.39,2025-07-19,Credit Card
502,502,251.79,2024-08-04,Crypto
503,503,36.93,2024-11-27,Bank Transfer
504,504,303.72,2026-02-10,PayPal
505,505,400.94,2024-12-20,PayPal
506,506,872.97,2026-02-05,Credit Card
507,507,128.2,2025-09-22,Crypto
508,508,92.79,2024-02-12,PayPal
509,509,12.99,2026-01-31,Crypto
510,510,241.82,2023-09-07,Crypto
511,511,77.28,2025-04-09,Crypto
512,512,60.73,2025-08-12,PayPal
513,513,220.38,2025-09-29,Credit Card
514,514,515.16,2025-12-12,Debit Card
515,515,136.7,2024-03-06,PayPal
516,516,201.06,2026-04-08,PayPal
517,517,153.66,2026-03-28,Stripe
518,518,42.32,2026-01-19,Credit Card
519,519,136.5,2026-03-24,PayPal
520,520,36.02,2025-12-23,Credit Card
521,521,45.42,2024-11-02,PayPal
522,522,94.11,2026-01-11,Crypto
523,523,165.3,2025-09-10,PayPal
524,524,81.09,2025-02-06,Credit Card
525,525,349.47,2025-06-09,Crypto
526,526,137.19,2024-12-04,Stripe
527,527,215.82,2024-10-29,Crypto
528,528,860.91,2025-12-11,PayPal
529,529,721.47,2025-02-26,Bank Transfer
530,530,18.3,2026-04-20,PayPal
531,531,145.59,2025-06-30,Stripe
532,532,228.07,2026-03-26,PayPal
533,533,238.46,2024-09-26,Credit Card
534,534,232.96,2025-12-20,PayPal
535,535,37.57,2024-11-10,Stripe
536,536,110.49,2026-04-04,Crypto
537,537,149.32,2025-01-24,Crypto
538,538,70.53,2024-11-05,Credit Card
539,539,99.15,2024-07-30,Bank Transfer
540,540,24.54,2024-11-27,PayPal
541,541,79.78,2025-10-31,Bank Transfer
542,542,165.74,2026-04-27,Stripe
543,543,63.12,2025-07-27,Debit Card
544,544,252.72,2025-06-30,Bank Transfer
545,545,217.28,2025-12-10,Crypto
546,546,108.2,2025-12-07,Stripe
547,547,25.45,2023-10-25,Bank Transfer
548,548,54.84,2024-09-17,Credit Card
549,549,22.0,2025-08-24,Credit Card
550,550,209.56,2025-09-25,PayPal
551,551,499.16,2025-10-10,PayPal
552,552,35.79,2025-12-21,Crypto
553,553,91.41,2025-04-07,Debit Card
554,554,521.32,2026-04-28,Bank Transfer
555,555,86.37,2026-04-26,Credit Card
556,556,646.38,2026-04-25,Bank Transfer
557,557,176.62,2024-08-11,Stripe
558,558,542.28,2025-11-18,PayPal
559,559,33.36,2026-02-05,Crypto
560,560,646.38,2025-03-17,Debit Card
561,561,252.74,2025-02-27,PayPal
562,562,245.32,2023-02-05,Credit Card
563,563,41.18,2025-10-04,Credit Card
564,564,36.01,2024-10-05,PayPal
565,565,415.82,2025-12-10,Credit Card
566,566,46.27,2026-02-01,PayPal
567,567,262.41,2025-05-30,Debit Card
568,568,223.46,2026-03-12,Stripe
569,569,542.24,2026-03-20,Bank Transfer
570,570,119.86,2025-06-13,Bank Transfer
571,571,334.12,2025-09-12,Stripe
572,572,66.82,2025-12-17,Credit Card
573,573,56.41,2026-01-26,PayPal
574,574,92.47,2023-04-22,PayPal
575,575,236.46,2025-04-23,PayPal
576,576,121.38,2024-12-19,Stripe
577,577,25.92,2025-12-09,Stripe
578,578,170.7,2026-01-02,Debit Card
579,579,151.62,2026-04-14,Stripe
580,580,167.13,2026-01-21,Bank Transfer
581,581,483.48,2026-03-31,Debit Card
582,582,226.9,2024-06-10,Credit Card
583,583,293.48,2025-08-10,Stripe
584,584,15.19,2025-09-16,Stripe
585,585,210.47,2024-02-15,Bank Transfer
586,586,59.92,2025-02-10,Stripe
587,587,187.53,2025-12-19,Credit Card
588,588,89.78,2026-03-23,Debit Card
589,589,21.51,2025-01-15,Debit Card
590,590,685.71,2025-01-23,Debit Card
591,591,755.37,2025-08-30,Crypto
592,592,232.21,2025-12-10,Credit Card
593,593,169.72,2024-03-23,PayPal
594,594,56.62,2025-06-10,PayPal
595,595,64.82,2025-03-10,PayPal
596,596,94.57,2023-11-23,Stripe
597,597,497.37,2025-03-26,Bank Transfer
598,598,31.72,2025-11-24,Debit Card
599,599,254.8,2024-05-24,Debit Card
600,600,222.58,2025-04-03,Debit Card
601,601,72.24,2025-12-09,Bank Transfer
602,602,231.3,2025-10-11,Debit Card
603,603,36.01,2024-09-07,Stripe
604,604,228.39,2023-07-16,Credit Card
605,605,621.18,2024-10-01,Stripe
606,606,108.06,2025-06-26,Credit Card
607,607,73.62,2024-11-05,Stripe
608,608,112.2,2025-10-03,PayPal
609,609,42.8,2025-06-06,PayPal
610,610,89.5,2026-03-31,PayPal
611,611,145.29,2025-08-30,PayPal
612,612,472.56,2026-01-29,PayPal
613,613,380.64,2024-10-10,Bank Transfer
614,614,72.87,2026-03-31,PayPal
615,615,90.01,2025-12-16,Stripe
616,616,22.87,2025-03-12,PayPal
617,617,195.62,2025-01-16,Credit Card
618,618,29.68,2026-03-30,Bank Transfer
619,619,56.62,2026-03-09,Bank Transfer
620,620,382.11,2025-03-10,Bank Transfer
621,621,116.2,2025-09-22,Crypto
622,622,36.33,2025-07-20,Stripe
623,623,106.8,2026-04-26,Credit Card
624,624,358.95,2026-01-07,Crypto
625,625,786.54,2024-12-24,Debit Card
626,626,196.36,2026-03-23,Stripe
627,627,513.12,2025-10-17,Credit Card
628,628,17.52,2026-04-18,Stripe
629,629,299.95,2025-07-21,PayPal
630,630,249.58,2024-01-06,PayPal
631,631,430.92,2025-07-22,Crypto
632,632,392.72,2024-06-20,Debit Card
633,633,35.75,2025-02-18,PayPal
634,634,375.96,2026-03-04,Debit Card
635,635,30.93,2025-03-20,Stripe
636,636,127.08,2023-09-30,Credit Card
637,637,203.79,2025-10-28,Credit Card
638,638,11.14,2025-09-20,Crypto
639,639,262.18,2025-03-08,PayPal
640,640,465.92,2025-05-12,Bank Transfer
641,641,259.37,2026-03-02,Credit Card
642,642,583.96,2025-11-08,Bank Transfer
643,643,662.49,2024-12-10,Stripe
644,644,40.14,2026-01-22,Crypto
645,645,121.23,2026-01-02,Bank Transfer
646,646,103.2,2025-10-09,Stripe
647,647,311.73,2026-04-24,Credit Card
648,648,24.09,2026-01-08,Bank Transfer
649,649,147.13,2025-07-18,Debit Card
650,650,129.0,2025-11-07,Crypto
651,651,29.07,2023-07-29,Bank Transfer
652,652,89.12,2026-02-24,Credit Card
653,653,179.04,2025-06-10,Debit Card
654,654,61.45,2024-10-20,Stripe
655,655,486.81,2024-02-15,Credit Card
656,656,298.84,2025-08-20,Debit Card
657,657,236.88,2025-07-09,Bank Transfer
658,658,315.64,2025-12-08,Credit Card
659,659,36.37,2025-12-05,PayPal
660,660,138.88,2024-11-22,PayPal
661,661,315.64,2025-07-03,Stripe
662,662,51.18,2025-11-12,Stripe
663,663,90.33,2026-01-05,Debit Card
664,664,150.27,2024-03-20,Crypto
665,665,28.42,2025-12-02,PayPal
666,666,72.86,2025-11-03,PayPal
667,667,287.04,2025-07-28,Bank Transfer
668,668,224.49,2026-04-13,Crypto
669,669,203.74,2026-04-08,PayPal
670,670,31.62,2025-11-06,PayPal
671,671,236.6,2023-09-17,Crypto
672,672,188.38,2025-12-10,Bank Transfer
673,673,586.24,2026-01-05,Bank Transfer
674,674,48.49,2026-02-14,Crypto
675,675,704.73,2025-11-13,Bank Transfer
676,676,72.78,2025-10-14,Debit Card
677,677,183.05,2025-07-23,Crypto
678,678,519.24,2025-08-16,Debit Card
679,679,48.96,2023-09-25,PayPal
680,680,31.72,2025-06-05,Bank Transfer
681,681,506.19,2026-01-27,Bank Transfer
682,682,14.28,2025-02-16,Crypto
683,683,40.14,2025-01-28,Stripe
684,684,64.2,2024-01-26,Crypto
685,685,97.41,2025-05-29,Crypto
686,686,260.66,2023-08-01,Credit Card
687,687,232.64,2025-09-10,Bank Transfer
688,688,390.63,2026-01-29,Crypto
689,689,199.86,2024-03-08,Stripe
690,690,42.87,2026-04-27,Bank Transfer
691,691,70.33,2025-08-29,PayPal
692,692,75.28,2025-11-13,Stripe
693,693,364.06,2026-01-24,Credit Card
694,694,404.88,2024-12-02,Stripe
695,695,61.83,2025-10-22,PayPal
696,696,25.75,2025-09-08,Stripe
697,697,124.19,2025-09-26,Credit Card
698,698,790.86,2025-07-05,Credit Card
699,699,583.96,2025-10-07,Stripe
700,700,42.8,2025-03-23,Credit Card
701,701,470.4,2025-06-24,Bank Transfer
702,702,68.99,2025-08-20,Bank Transfer
703,703,190.82,2026-02-11,PayPal
704,704,111.3,2025-04-27,Crypto
705,705,500.84,2025-03-02,Credit Card
706,706,92.15,2025-12-17,Crypto
707,707,227.16,2025-11-09,PayPal
708,708,187.98,2026-03-10,Stripe
709,709,149.32,2025-08-15,Bank Transfer
710,710,42.16,2025-07-06,Bank Transfer
711,711,161.24,2026-02-18,PayPal
712,712,45.7,2025-12-04,Stripe
713,713,171.52,2026-02-06,Credit Card
714,714,84.32,2026-04-01,Crypto
715,715,72.78,2026-02-17,PayPal
716,716,101.14,2025-11-29,Credit Card
717,717,497.22,2025-12-20,Crypto
718,718,290.61,2026-01-02,Credit Card
719,719,192.93,2025-05-08,PayPal
720,720,132.63,2025-12-31,PayPal
721,721,694.62,2025-12-14,Crypto
722,722,190.58,2024-10-14,PayPal
723,723,410.49,2025-01-15,Debit Card
724,724,563.94,2026-03-21,Bank Transfer
725,725,72.24,2025-10-12,Credit Card
726,726,189.62,2025-07-12,Stripe
727,727,38.19,2026-03-26,Bank Transfer
728,728,102.68,2025-02-11,Bank Transfer
729,729,96.04,2023-12-08,Bank Transfer
730,730,890.61,2025-06-07,Stripe
731,731,82.98,2026-03-11,Bank Transfer
732,732,55.52,2024-04-17,PayPal
733,733,565.12,2026-03-11,Debit Card
734,734,364.06,2025-09-10,Stripe
735,735,602.85,2025-03-24,Debit Card
736,736,191.46,2024-11-10,Crypto
737,737,325.68,2026-04-02,Credit Card
738,738,183.63,2024-10-29,Stripe
739,739,14.92,2023-12-23,Debit Card
740,740,318.93,2024-07-29,PayPal
741,741,98.49,2024-04-05,Credit Card
742,742,44.4,2025-01-10,Crypto
743,743,41.9,2026-04-04,Credit Card
744,744,747.63,2025-06-03,Bank Transfer
745,745,54.9,2025-04-09,Stripe
746,746,147.13,2025-04-10,Bank Transfer
747,747,68.31,2024-09-08,Crypto
748,748,242.49,2025-02-04,Debit Card
749,749,200.47,2025-07-09,Bank Transfer
750,750,175.53,2026-01-04,Credit Card
751,751,45.67,2026-02-07,Debit Card
752,752,169.05,2025-10-24,Bank Transfer
753,753,102.75,2025-11-15,PayPal
754,754,346.95,2026-01-31,Stripe
755,755,113.5,2023-12-12,Stripe
756,756,753.0,2026-02-23,Credit Card
757,757,53.31,2025-03-14,Debit Card
758,758,117.96,2024-11-29,Debit Card
759,759,250.44,2026-01-22,Debit Card
760,760,68.35,2026-03-04,Stripe
761,761,28.42,2026-01-14,Credit Card
762,762,93.44,2025-07-04,Crypto
763,763,299.27,2026-04-01,Bank Transfer
764,764,231.33,2025-01-21,Crypto
765,765,263.16,2026-04-19,Bank Transfer
766,766,294.45,2025-09-12,Stripe
767,767,129.81,2024-12-10,Crypto
768,768,59.7,2026-04-07,Bank Transfer
769,769,295.05,2025-02-23,PayPal
770,770,258.15,2024-10-23,Stripe
771,771,174.22,2025-10-10,Credit Card
772,772,20.57,2024-12-23,Stripe
773,773,202.48,2026-02-18,Credit Card
774,774,49.88,2025-12-09,PayPal
775,775,34.06,2025-12-25,Credit Card
776,776,16.0,2026-03-18,Debit Card
777,777,19.1,2026-03-10,Crypto
778,778,200.28,2026-02-08,Debit Card
779,779,158.15,2025-04-30,PayPal
780,780,184.14,2023-11-17,Debit Card
781,781,67.31,2026-01-06,Bank Transfer
782,782,49.68,2025-12-19,Bank Transfer
783,783,228.39,2024-09-24,Stripe
784,784,718.8,2026-03-13,Debit Card
785,785,178.82,2025-08-21,Stripe
786,786,107.82,2025-12-13,Bank Transfer
787,787,350.38,2025-04-05,Bank Transfer
788,788,24.98,2024-11-04,Stripe
789,789,374.34,2025-11-29,Bank Transfer
790,790,24.0,2025-04-18,PayPal
791,791,312.93,2025-01-20,PayPal
792,792,335.19,2026-03-08,PayPal
793,793,799.8,2025-10-12,Debit Card
794,794,44.08,2025-12-21,Credit Card
795,795,262.98,2024-03-01,PayPal
796,796,102.53,2024-04-21,Credit Card
797,797,63.03,2026-03-19,Crypto
798,798,166.14,2025-12-21,PayPal
799,799,508.26,2025-06-18,Credit Card
800,800,17.75,2026-01-06,PayPal
801,801,89.22,2025-06-14,Debit Card
802,802,101.14,2025-05-17,Stripe
803,803,378.33,2026-03-01,Crypto
804,804,872.97,2025-09-21,Credit Card
805,805,255.08,2024-09-17,Debit Card
806,806,280.32,2026-03-20,Stripe
807,807,137.49,2025-12-01,Debit Card
808,808,90.1,2025-05-04,Bank Transfer
809,809,146.92,2023-12-20,Stripe
810,810,41.37,2025-10-14,Crypto
811,811,33.56,2026-03-12,Credit Card
812,812,91.76,2024-12-21,Debit Card
813,813,29.07,2025-12-05,Bank Transfer
814,814,81.36,2026-01-25,Stripe
815,815,90.87,2026-04-20,Stripe
816,816,42.63,2025-08-16,Crypto
817,817,129.59,2023-10-13,Bank Transfer
818,818,460.14,2024-02-17,Crypto
819,819,51.5,2026-04-14,Bank Transfer
820,820,325.16,2025-07-15,Bank Transfer
821,821,53.8,2023-05-23,Stripe
822,822,66.02,2025-10-26,Bank Transfer
823,823,54.84,2026-03-06,PayPal
824,824,781.98,2026-04-17,PayPal
825,825,44.08,2025-06-10,Debit Card
826,826,487.74,2024-04-21,Bank Transfer
827,827,283.95,2025-08-06,Credit Card
828,828,220.83,2025-12-22,Bank Transfer
829,829,57.64,2025-10-05,Stripe
830,830,105.99,2026-04-29,Debit Card
831,831,498.82,2025-10-21,Bank Transfer
832,832,230.07,2025-06-11,Crypto
833,833,386.02,2024-08-06,Crypto
834,834,89.51,2023-11-21,Debit Card
835,835,679.5,2024-08-23,Bank Transfer
836,836,84.42,2024-08-28,Crypto
837,837,131.85,2024-10-22,Debit Card
838,838,161.13,2026-03-14,Bank Transfer
839,839,162.08,2024-07-12,Debit Card
840,840,45.54,2025-09-21,PayPal
841,841,138.28,2024-07-23,Bank Transfer
842,842,106.17,2024-03-11,Crypto
843,843,108.06,2026-03-03,PayPal
844,844,197.04,2025-01-01,Debit Card
845,845,503.48,2026-04-14,Crypto
846,846,110.42,2024-03-21,Crypto
847,847,209.19,2026-01-19,Debit Card
848,848,643.62,2024-09-15,PayPal
849,849,74.94,2025-02-09,PayPal
850,850,24.69,2025-06-12,Crypto
851,851,40.46,2025-06-29,Credit Card
852,852,70.5,2023-11-14,Credit Card
853,853,123.56,2026-02-01,Debit Card
854,854,225.26,2026-02-21,Stripe
855,855,108.03,2026-03-31,PayPal
856,856,217.02,2024-09-03,Debit Card
857,857,179.55,2024-05-16,Bank Transfer
858,858,40.14,2025-12-07,Stripe
859,859,53.25,2026-03-04,PayPal
860,860,29.68,2025-09-26,PayPal
861,861,165.27,2026-01-31,Credit Card
862,862,215.07,2026-03-29,Bank Transfer
863,863,457.14,2026-01-13,Credit Card
864,864,28.82,2025-01-24,Debit Card
865,865,15.86,2025-03-26,Stripe
866,866,35.79,2026-01-25,Crypto
867,867,161.24,2025-07-05,Stripe
868,868,268.5,2026-01-15,Stripe
869,869,279.42,2025-12-25,Debit Card
870,870,70.5,2025-12-16,Debit Card
871,871,553.2,2024-07-29,PayPal
872,872,103.47,2026-01-22,Debit Card
873,873,441.2,2024-09-22,Debit Card
874,874,77.25,2025-08-27,Stripe
875,875,546.09,2026-01-26,Bank Transfer
876,876,56.82,2026-02-21,Bank Transfer
877,877,136.02,2025-04-23,Debit Card
878,878,358.95,2023-10-19,Credit Card
879,879,220.98,2026-02-19,Bank Transfer
880,880,73.86,2025-11-04,Stripe
881,881,46.27,2025-12-12,Credit Card
882,882,252.74,2024-10-14,Debit Card
883,883,47.79,2025-03-29,Stripe
884,884,188.08,2025-09-10,Crypto
885,885,250.74,2026-03-19,Stripe
886,886,235.05,2026-03-12,Crypto
887,887,42.36,2026-04-20,PayPal
888,888,235.8,2024-03-25,Stripe
889,889,268.8,2026-03-15,Bank Transfer
890,890,71.88,2025-06-30,Credit Card
891,891,11.09,2025-12-01,PayPal
892,892,179.02,2026-03-15,Credit Card
893,893,289.71,2026-02-26,PayPal
894,894,33.94,2024-10-31,Credit Card
895,895,40.82,2026-02-03,Credit Card
896,896,152.26,2026-05-01,Stripe
897,897,259.37,2026-01-09,Crypto
898,898,391.24,2026-02-12,Debit Card
899,899,33.56,2025-11-08,Credit Card
900,900,84.93,2026-02-25,Bank Transfer
901,901,459.94,2024-12-01,Stripe
902,902,308.25,2026-04-18,PayPal
903,903,391.24,2024-06-22,Credit Card
904,904,161.82,2026-01-09,Crypto
905,905,664.23,2023-11-28,PayPal
906,906,454.66,2026-01-12,Bank Transfer
907,907,325.16,2026-02-12,Bank Transfer
908,908,102.44,2026-01-12,PayPal
909,909,122.76,2024-02-15,Bank Transfer
910,910,63.27,2025-07-01,PayPal
911,911,403.2,2025-06-12,Bank Transfer
912,912,70.61,2024-03-26,Stripe
913,913,69.73,2025-08-31,Bank Transfer
914,914,110.49,2026-04-05,Credit Card
915,915,229.97,2024-05-26,Credit Card
916,916,506.19,2024-11-04,Stripe
917,917,413.4,2025-01-25,Debit Card
918,918,535.66,2025-07-16,Credit Card
919,919,70.2,2026-03-03,Debit Card
920,920,142.0,2025-06-09,Crypto
921,921,574.38,2025-03-26,PayPal
922,922,435.12,2026-01-29,Crypto
923,923,55.5,2026-01-14,Credit Card
924,924,381.64,2025-09-26,Credit Card
925,925,349.76,2025-04-09,Credit Card
926,926,263.16,2023-12-13,Debit Card
927,927,208.62,2025-08-29,Stripe
928,928,109.87,2024-08-15,Crypto
929,929,240.65,2024-03-13,Bank Transfer
930,930,94.74,2026-04-09,Stripe
931,931,63.24,2025-12-07,Crypto
932,932,774.18,2025-04-05,Debit Card
933,933,350.34,2024-08-09,Bank Transfer
934,934,567.9,2024-09-30,Debit Card
935,935,111.17,2025-11-29,PayPal
936,936,105.22,2026-01-22,Bank Transfer
937,937,22.95,2025-06-27,Debit Card
938,938,278.99,2024-12-09,Debit Card
939,939,715.38,2026-03-31,PayPal
940,940,38.88,2026-04-18,Debit Card
941,941,115.74,2025-10-16,Crypto
942,942,259.01,2025-11-07,Debit Card
943,943,187.15,2025-01-03,Debit Card
944,944,45.32,2026-04-20,Credit Card
945,945,137.01,2026-04-07,PayPal
946,946,78.54,2023-08-12,Credit Card
947,947,160.62,2025-12-11,Crypto
948,948,30.93,2026-04-22,Debit Card
949,949,416.84,2025-09-25,Crypto
950,950,426.34,2025-07-16,Stripe
951,951,17.41,2025-11-13,Stripe
952,952,48.68,2026-01-05,Credit Card
953,953,204.36,2025-09-29,Crypto
954,954,144.74,2025-06-25,Stripe
955,955,117.17,2025-02-02,PayPal
956,956,179.04,2025-03-02,Bank Transfer
957,957,711.18,2025-09-29,Crypto
958,958,174.36,2026-04-22,PayPal
959,959,271.14,2024-07-31,Debit Card
960,960,230.94,2024-01-06,Crypto
961,961,430.92,2024-09-09,PayPal
962,962,643.62,2025-06-13,Credit Card
963,963,637.59,2024-05-24,Debit Card
964,964,52.09,2026-02-17,Crypto
965,965,76.8,2024-01-27,PayPal
966,966,47.37,2025-12-26,Bank Transfer
967,967,287.98,2025-05-05,Debit Card
968,968,36.33,2025-05-23,Debit Card
969,969,43.26,2024-03-03,Debit Card
970,970,73.71,2026-02-13,Debit Card
971,971,212.7,2024-07-13,PayPal
972,972,271.12,2026-02-28,Bank Transfer
973,973,181.83,2026-03-27,Crypto
974,974,325.16,2025-12-02,Stripe
975,975,101.22,2024-06-14,Bank Transfer
976,976,388.24,2025-03-21,Bank Transfer
977,977,120.3,2025-10-03,Stripe
978,978,599.43,2024-08-16,Credit Card
979,979,857.4,2024-07-17,Debit Card
980,980,258.64,2026-04-16,Crypto
981,981,240.65,2024-07-14,Debit Card
982,982,73.02,2024-11-09,Stripe
983,983,22.98,2025-09-09,Bank Transfer
984,984,314.72,2024-01-23,Bank Transfer
985,985,32.34,2025-07-20,Crypto
986,986,208.42,2024-05-15,Stripe
987,987,22.28,2024-12-05,Stripe
988,988,22.37,2025-08-02,PayPal
989,989,239.6,2026-03-28,Credit Card
990,990,108.99,2025-05-07,Credit Card
991,991,74.73,2026-01-20,Bank Transfer
992,992,269.07,2025-09-27,Bank Transfer
993,993,76.34,2024-10-17,Bank Transfer
994,994,17.41,2026-04-26,Bank Transfer
995,995,170.97,2025-12-08,Crypto
996,996,255.08,2026-02-06,Debit Card
997,997,38.46,2024-02-03,Stripe
998,998,36.33,2025-02-12,Stripe
999,999,31.86,2025-04-08,Debit Card
1000,1000,85.54,2025-11-13,Crypto
